scenario,Average Speed Limit,Average AB Lanes,Average BA Lanes,AM Peak Flow,PM Peak Flow,Off Peak flow,Auto Daily Flow,Truck Daily Flow,Total Daily Flow,Daily Capacity,LOS (Lowest Level of Service),Free Flow Time (seconds),Congested Time (seconds),Free Flow Speed (MPH),Congested Speed (MPH),Vehicle Miles Traveled (VMT),Vehicle Hours Delay (VHD)
2019_Cherokee Blvd,38.333333333333336,1.8666666666666667,1.8,2245.526473333333,2515.1339198,4824.170749733333,9129.1701384,455.66100473333336,9584.831142933335,29009 - 27426,0.194 (a),87.18144,133.05194999999998,43.23035453333333,28.326413554453943,9625.548228094129,152.23287868248627
2019_Frazier Ave,30.0,1.8,1.8,2318.3764946,2400.786489,5270.431466800001,9346.8937556,642.700694,9989.5944496,23601 - 26660,0.207 (a),29.019,44.43276,36.4606476,23.8124197710068,2862.729648705562,27.85550099719087
2019_Manufacturers Rd,31.904761904761905,1.0,1.0,2020.662257095238,2131.851277714285,4155.280058428571,7410.518925761907,897.2746675238093,8307.793593476192,13565 - 14423,0.296 (a),105.1299,177.1656,37.00949942857144,21.96140206663016,8000.446387130875,178.2239809682482
2050_Cherokee Blvd,38.333333333333336,1.8666666666666667,1.8,2685.648936866666,3721.996984733333,7144.143830866666,13033.844977,517.9447752666666,13551.789752733335,29009 - 27928,0.266 (a),87.18144,146.52639,43.23035453333333,25.72154108162037,13603.489814456503,240.39636803547717
2050_Frazier Ave,30.0,1.8,1.8,2753.5958688,3129.433334799999,6977.008934,12096.5518044,763.4863334,12860.0381376,25172 - 26660,0.261 (a),29.019,45.51111,36.4606476,23.2482031904825,3690.797781839052,35.997782895901736
2050_Manufacturers Rd,31.904761904761905,1.0,1.0,2412.075898904762,2388.1455694761908,4972.2320665238085,8540.534482428571,1231.9190525714284,9772.453534952385,13565 - 14423,0.348 (b),105.1299,193.98687,37.00949942857144,20.05705321177548,9307.4340001113,256.89501233974784
